{"cameraMode":{"drawMode":0,"name":"Shaded","section":"Shading Mode"},"sceneLighting":false,"audioPlay":false,"sceneViewState":{"showFog":true,"showMaterialUpdate":false,"showSkybox":false,"showFlares":true,"showImageEffects":true,"showParticleSystems":true,"showVisualEffectGraphs":true,"m_FxEnabled":true},"in2DMode":false,"pivot":{"x":2.5999984741210939,"y":96.20006561279297,"z":232.99468994140626},"rotation":{"x":0.08420368283987045,"y":0.010458303615450859,"z":-0.0008617767016403377,"w":0.9963623285293579},"size":2.396926164627075,"orthographic":false}