{"cameraMode":{"drawMode":0,"name":"Shaded","section":"Shading Mode"},"sceneLighting":false,"audioPlay":false,"sceneViewState":{"showFog":true,"showMaterialUpdate":false,"showSkybox":false,"showFlares":true,"showImageEffects":true,"showParticleSystems":true,"showVisualEffectGraphs":true,"m_FxEnabled":true},"in2DMode":false,"pivot":{"x":15.104101181030274,"y":-10.466923713684082,"z":-0.29549598693847659},"rotation":{"x":-0.07055364549160004,"y":0.3920295536518097,"z":-0.030170874670147897,"w":-0.9167467355728149},"size":23.15349006652832,"orthographic":false}