{"cameraMode":{"drawMode":0,"name":"Shaded","section":"Shading Mode"},"sceneLighting":true,"audioPlay":false,"sceneViewState":{"showFog":true,"showMaterialUpdate":false,"showSkybox":true,"showFlares":true,"showImageEffects":true,"showParticleSystems":true,"showVisualEffectGraphs":true,"m_FxEnabled":true},"in2DMode":false,"pivot":{"x":0.8621625900268555,"y":-0.3979182243347168,"z":-1.1839455366134644},"rotation":{"x":0.042278237640857699,"y":0.02996358834207058,"z":-0.0012392622884362937,"w":0.9986268281936646},"size":3.5963125228881838,"orthographic":false}