{"cameraMode":{"drawMode":0,"name":"Shaded","section":"Shading Mode"},"sceneLighting":false,"audioPlay":false,"sceneViewState":{"showFog":true,"showMaterialUpdate":false,"showSkybox":false,"showFlares":true,"showImageEffects":true,"showParticleSystems":true,"showVisualEffectGraphs":true,"m_FxEnabled":true},"in2DMode":false,"pivot":{"x":5.399986267089844,"y":91.79998779296875,"z":0.000003337860107421875},"rotation":{"x":0.03492015227675438,"y":-0.7489584684371948,"z":0.03959725424647331,"w":0.6605107188224793},"size":18.385194778442384,"orthographic":false}